geo_id,scenario_id,paired_scenario,season,weeks,without_clause,with_clause,clause_uplift,squeeze_without,squeeze_with
CA,S3,S4,HEATING,637,0.0001339612768184173,0.020133961276818407,0.019999999999999712,0.0021784406070120377,0.0006658817373103083
CA,S3,S4,NON_HEATING,650,-0.0001012820512820532,-0.0001012820512820532,0.0,0.002235384615384617,0.002235384615384617
CA,S5,S6,HEATING,637,-0.0005429094714808949,0.01945709052851912,0.019999999999999712,0.007173469387755104,0.0033995290423861836
CA,S5,S6,NON_HEATING,641,0.0007969318772750943,0.0007969318772750943,0.0,0.006781331253250131,0.006781331253250131
PADD1,S3,S4,HEATING,637,-0.0005965463108320235,0.01940345368916796,0.019999999999999712,0.0033218210361067486,0.0006114599686028262
PADD1,S3,S4,NON_HEATING,650,0.0006648717948717946,0.0006648717948717946,0.0,0.002574615384615385,0.002574615384615385
PADD1,S5,S6,HEATING,637,-0.004592883307169022,0.015407116692830973,0.019999999999999712,0.011792255363683932,0.00462611198325484
PADD1,S5,S6,NON_HEATING,641,0.005025481019240772,0.005025481019240772,0.0,0.006971138845553823,0.006971138845553823
PADD1A,S3,S4,HEATING,637,-0.0006138147566719028,0.019386185243328066,0.019999999999999712,0.0033877551020408143,0.0006365777080062782
PADD1A,S3,S4,NON_HEATING,650,0.0006851282051282056,0.0006851282051282056,0.0,0.002622820512820513,0.002622820512820513
PADD1A,S5,S6,HEATING,637,-0.0046800104657247574,0.015319989534275246,0.019999999999999712,0.012016221873364734,0.004807430664573523
PADD1A,S5,S6,NON_HEATING,641,0.0051354654186167425,0.0051354654186167425,0.0,0.007107904316172649,0.007107904316172649
PADD1B,S3,S4,HEATING,637,-0.0006172161172161174,0.01938278388278386,0.019999999999999712,0.0033584510727367924,0.000623757195185766
PADD1B,S3,S4,NON_HEATING,650,0.0006782051282051317,0.0006782051282051317,0.0,0.002598461538461537,0.002598461538461537
PADD1B,S5,S6,HEATING,637,-0.004649659863945578,0.015350340136054415,0.019999999999999712,0.011912872841444266,0.004721088435374152
PADD1B,S5,S6,NON_HEATING,641,0.005077743109724391,0.005077743109724391,0.0,0.00704082163286532,0.00704082163286532
PADD1C,S3,S4,HEATING,637,-0.00023547880690737616,0.01976452119309257,0.019999999999999712,0.0025837257980115113,0.0005520669806384084
PADD1C,S3,S4,NON_HEATING,650,0.0002812820512820515,0.0002812820512820515,0.0,0.0022374358974359,0.0022374358974359
PADD1C,S5,S6,HEATING,637,-0.0024984301412872795,0.017501569858712717,0.019999999999999712,0.008933281004709573,0.0030837257980115113
PADD1C,S5,S6,NON_HEATING,641,0.0028109724388975534,0.0028109724388975534,0.0,0.006393915756630273,0.006393915756630273
PADD2,S3,S4,HEATING,636,-5.6079664570232025e-05,0.019943920335429702,0.019999999999999712,0.002225104821802937,0.0005235849056603772
PADD2,S3,S4,NON_HEATING,650,9.794871794871668e-05,9.794871794871668e-05,0.0,0.002075897435897436,0.002075897435897436
PADD2,S5,S6,HEATING,636,-0.0014578092243186648,0.0185421907756813,0.019999999999999712,0.0075379979035639505,0.0029378930817610055
PADD2,S5,S6,NON_HEATING,641,0.0017290691627665094,0.0017290691627665094,0.0,0.006117264690587626,0.006117264690587626
PADD3,S3,S4,HEATING,636,0.00011713836477987166,0.020117138364779793,0.019999999999999712,0.001814465408805031,0.00046121593291404637
PADD3,S3,S4,NON_HEATING,650,-7.564102564102884e-05,-7.564102564102884e-05,0.0,0.00185948717948718,0.00185948717948718
PADD3,S5,S6,HEATING,636,-0.00044549266247378543,0.019554507337526176,0.019999999999999712,0.005989779874213833,0.0026928721174004186
PADD3,S5,S6,NON_HEATING,641,0.0006708268330733108,0.0006708268330733108,0.0,0.0056583463338533615,0.0056583463338533615
PADD4,S3,S4,HEATING,634,-6.388012618296426e-05,0.01993611987381696,0.019999999999999712,0.0022797055730809663,0.0005465299684542582
PADD4,S3,S4,NON_HEATING,650,0.00010538461538461292,0.00010538461538461292,0.0,0.002114871794871797,0.002114871794871797
PADD4,S5,S6,HEATING,634,-0.0015265509989484769,0.018473449001051467,0.019999999999999712,0.007727917981072564,0.0030241850683491067
PADD4,S5,S6,NON_HEATING,641,0.0017784711388455533,0.0017784711388455533,0.0,0.006227249089963596,0.006227249089963596
PADD5,S3,S4,HEATING,637,0.000129513343799061,0.02012951334379904,0.019999999999999712,0.0020803244374672904,0.0006117216117216105
PADD5,S3,S4,NON_HEATING,650,-9.15384615384583e-05,-9.15384615384583e-05,0.0,0.002131794871794872,0.002131794871794872
PADD5,S5,S6,HEATING,637,-0.0005081109366823575,0.019491889063317683,0.019999999999999712,0.006853218210361066,0.003210884353741495
PADD5,S5,S6,NON_HEATING,641,0.0007594903796151809,0.0007594903796151809,0.0,0.006483879355174213,0.006483879355174213
PADD5XCA,S3,S4,HEATING,637,0.00012532705389848474,0.020125327053898454,0.019999999999999712,0.0020057561486132914,0.0005677655677655672
PADD5XCA,S3,S4,NON_HEATING,650,-8.948717948717983e-05,-8.948717948717983e-05,0.0,0.0020582051282051254,0.0020582051282051254
PADD5XCA,S5,S6,HEATING,637,-0.0004965986394557829,0.019503401360544192,0.019999999999999712,0.006609890109890115,0.0030617477760334897
PADD5XCA,S5,S6,NON_HEATING,641,0.0007241289651585996,0.0007241289651585996,0.0,0.006251690067602708,0.006251690067602708
US,S3,S4,HEATING,637,-6.0177917320775726e-05,0.019939822082679148,0.019999999999999712,0.002225798011512299,0.0005227629513343797
US,S3,S4,NON_HEATING,650,9.79487179487166e-05,9.79487179487166e-05,0.0,0.0020758974358974364,0.0020758974358974364
US,S5,S6,HEATING,637,-0.0014688644688644807,0.01853113553113551,0.019999999999999712,0.00753950811093669,0.002933281004709576
US,S5,S6,NON_HEATING,641,0.001729069162766509,0.001729069162766509,0.0,0.006117264690587626,0.006117264690587626
