geo_id,scenario_id,reset_frequency,seasonal_clause,weeks,sum_spread,mean_spread,mean_dollars_per_1000_loads,squeeze_share,p10,p50,p90,start_date,end_date
CA,S1,WEEKLY,False,1289,0.0,0.0,0.0,0.0,0.0,0.0,0.0,2002-01-07,2026-09-14
CA,S2,WEEKLY,True,1289,12.739999999999817,0.009883630721489385,4941.815360744764,0.0,0.0,0.0,0.020000000000000018,2002-01-07,2026-09-14
CA,S3,MONTHLY,False,1287,0.019499999999997242,1.5151515151513008e-05,7.575757575756523,0.37839937839937837,-0.003166666666666651,0.0,0.003000000000000058,2002-01-07,2026-08-31
CA,S4,MONTHLY,True,1287,12.759499999999987,0.009914141414141403,4957.070707070706,0.17016317016317017,-0.0015000000000000568,0.004833333333333301,0.02133333333333337,2002-01-07,2026-08-31
CA,S5,QUARTERLY,False,1278,0.1650000000000072,0.0001291079812206629,64.55399061033113,0.44835680751173707,-0.010333333333333306,0.0,0.01050000000000001,2002-01-07,2026-06-29
CA,S6,QUARTERLY,True,1278,12.905000000000003,0.010097809076682318,5048.904538341156,0.20892018779342722,-0.0042166666666666845,0.010166666666666657,0.024499999999999966,2002-01-07,2026-06-29
PADD1,S1,WEEKLY,False,1289,0.0,0.0,0.0,0.0,0.0,0.0,0.0,2002-01-07,2026-09-14
PADD1,S2,WEEKLY,True,1289,12.739999999999817,0.009883630721489385,4941.815360744764,0.0,0.0,0.0,0.020000000000000018,2002-01-07,2026-09-14
PADD1,S3,MONTHLY,False,1287,0.05216666666666739,4.05335405335411e-05,20.26677026677023,0.3682983682983683,-0.008066666666666656,0.0,0.008166666666666678,2002-01-07,2026-08-31
PADD1,S4,MONTHLY,True,1287,12.792166666666638,0.009939523439523418,4969.761719761723,0.16161616161616163,-0.003733333333333334,0.009999999999999981,0.02346666666666672,2002-01-07,2026-08-31
PADD1,S5,QUARTERLY,False,1278,0.29566666666666463,0.0002313510693792368,115.67553468961809,0.43661971830985913,-0.026550000000000025,0.0,0.02683333333333332,2002-01-07,2026-06-29
PADD1,S6,QUARTERLY,True,1278,13.035666666666687,0.010200052164840913,5100.026082420447,0.2996870109546166,-0.011716666666666653,0.010583333333333306,0.031333333333333324,2002-01-07,2026-06-29
PADD1A,S1,WEEKLY,False,1289,0.0,0.0,0.0,0.0,0.0,0.0,0.0,2002-01-07,2026-09-14
PADD1A,S2,WEEKLY,True,1289,12.739999999999817,0.009883630721489385,4941.815360744763,0.0,0.0,0.0,0.020000000000000018,2002-01-07,2026-09-14
PADD1A,S3,MONTHLY,False,1287,0.05433333333333212,4.221704221704128e-05,21.108521108520527,0.3682983682983683,-0.008233333333333315,0.0,0.008400000000000029,2002-01-07,2026-08-31
PADD1A,S4,MONTHLY,True,1287,12.794333333333318,0.00994120694120693,4970.603470603469,0.1623931623931624,-0.0037333333333333337,0.010000000000000009,0.023566666666666684,2002-01-07,2026-08-31
PADD1A,S5,QUARTERLY,False,1278,0.310666666666663,0.00024308815858111344,121.54407929055641,0.43661971830985913,-0.02700000000000002,0.0,0.027333333333333355,2002-01-07,2026-06-29
PADD1A,S6,QUARTERLY,True,1278,13.050666666666668,0.010211789254042777,5105.894627021386,0.2996870109546166,-0.012166666666666659,0.010333333333333361,0.031666666666666676,2002-01-07,2026-06-29
PADD1B,S1,WEEKLY,False,1289,0.0,0.0,0.0,0.0,0.0,0.0,0.0,2002-01-07,2026-09-14
PADD1B,S2,WEEKLY,True,1289,12.739999999999817,0.009883630721489385,4941.815360744763,0.0,0.0,0.0,0.020000000000000018,2002-01-07,2026-09-14
PADD1B,S3,MONTHLY,False,1287,0.04766666666666844,3.703703703703841e-05,18.51851851851928,0.36985236985236986,-0.008166666666666655,0.0,0.008333333333333304,2002-01-07,2026-08-31
PADD1B,S4,MONTHLY,True,1287,12.787666666666661,0.009936026936026932,4968.013468013465,0.16317016317016317,-0.003833333333333322,0.00983333333333336,0.023400000000000046,2002-01-07,2026-08-31
PADD1B,S5,QUARTERLY,False,1278,0.2930000000000005,0.00022926447574334936,114.6322378716754,0.4381846635367762,-0.02683333333333333,0.0,0.027049999999999977,2002-01-07,2026-06-29
PADD1B,S6,QUARTERLY,True,1278,13.033000000000005,0.010197965571205012,5098.982785602508,0.30125195618153366,-0.01200000000000001,0.010416666666666644,0.03149999999999998,2002-01-07,2026-06-29
PADD1C,S1,WEEKLY,False,1289,0.0,0.0,0.0,0.0,0.0,0.0,0.0,2002-01-07,2026-09-14
PADD1C,S2,WEEKLY,True,1289,12.739999999999817,0.009883630721489385,4941.815360744763,0.0,0.0,0.0,0.020000000000000018,2002-01-07,2026-09-14
PADD1C,S3,MONTHLY,False,1287,0.03283333333333488,2.5511525511526713e-05,12.755762755763305,0.37373737373737376,-0.005333333333333339,0.0,0.00533333333333334,2002-01-07,2026-08-31
PADD1C,S4,MONTHLY,True,1287,12.772833333333296,0.009924501424501395,4962.250712250706,0.16472416472416473,-0.00250000000000003,0.008166666666666766,0.02233333333333337,2002-01-07,2026-08-31
PADD1C,S5,QUARTERLY,False,1278,0.2103333333333404,0.00016458007303078278,82.2900365153902,0.44209702660406885,-0.017666666666666643,0.0,0.018166666666666664,2002-01-07,2026-06-29
PADD1C,S6,QUARTERLY,True,1278,12.950333333333313,0.01013328116849242,5066.640584246222,0.2167449139280125,-0.007333333333333331,0.010250000000000009,0.02733333333333335,2002-01-07,2026-06-29
PADD2,S1,WEEKLY,False,1288,0.0,0.0,0.0,0.0,0.0,0.0,0.0,2002-01-07,2026-09-14
PADD2,S2,WEEKLY,True,1288,12.719999999999818,0.009875776397515386,4937.888198757764,0.0,0.0,0.0,0.020000000000000018,2002-01-07,2026-09-14
PADD2,S3,MONTHLY,False,1286,0.02799999999999847,2.177293934681063e-05,10.886469673405381,0.3740279937791602,-0.0040000000000000036,0.0,0.0038333333333333552,2002-01-07,2026-08-31
PADD2,S4,MONTHLY,True,1286,12.747999999999946,0.009912908242612711,4956.454121306382,0.16874027993779162,-0.0020000000000000018,0.006249999999999978,0.021833333333333274,2002-01-07,2026-08-31
PADD2,S5,QUARTERLY,False,1277,0.1811666666666629,0.0001418689637170422,70.9344818585212,0.44166014095536416,-0.013333333333333346,0.0,0.013500000000000012,2002-01-07,2026-06-29
PADD2,S6,QUARTERLY,True,1277,12.901166666666647,0.010102714695901838,5051.357347950938,0.206734534064213,-0.00550000000000001,0.010333333333333306,0.025666666666666626,2002-01-07,2026-06-29
PADD3,S1,WEEKLY,False,1288,0.0,0.0,0.0,0.0,0.0,0.0,0.0,2002-01-07,2026-09-14
PADD3,S2,WEEKLY,True,1288,12.719999999999818,0.009875776397515386,4937.888198757764,0.0,0.0,0.0,0.01999999999999999,2002-01-07,2026-09-14
PADD3,S3,MONTHLY,False,1286,0.025333333333329683,1.9699326075684045e-05,9.849663037842001,0.37091757387247276,-0.0026666666666666505,0.0,0.00250000000000003,2002-01-07,2026-08-31
PADD3,S4,MONTHLY,True,1286,12.745333333333267,0.009910834629341576,4955.417314670807,0.16640746500777606,-0.0013333333333333253,0.004749999999999963,0.021166666666666667,2002-01-07,2026-08-31
PADD3,S5,QUARTERLY,False,1277,0.14666666666666542,0.0001148525189245618,57.42625946228141,0.4447924823805795,-0.00856666666666666,0.0,0.008733333333333346,2002-01-07,2026-06-29
PADD3,S6,QUARTERLY,True,1277,12.866666666666626,0.01007569825110934,5037.849125554684,0.20595144870790916,-0.0035000000000000586,0.009999999999999981,0.023666666666666697,2002-01-07,2026-06-29
PADD4,S1,WEEKLY,False,1286,0.0,0.0,0.0,0.0,0.0,0.0,0.0,2002-01-07,2026-09-14
PADD4,S2,WEEKLY,True,1286,12.679999999999819,0.009860031104198926,4930.015552099533,0.0,0.0,0.0,0.020000000000000018,2002-01-07,2026-09-14
PADD4,S3,MONTHLY,False,1284,0.02799999999999936,2.180685358255402e-05,10.903426791277116,0.37538940809968846,-0.0040000000000000036,0.0,0.0040000000000000036,2002-01-07,2026-08-31
PADD4,S4,MONTHLY,True,1284,12.70799999999995,0.009897196261682204,4948.598130841122,0.1674454828660436,-0.0020000000000000018,0.006249999999999978,0.021833333333333288,2002-01-07,2026-08-31
PADD4,S5,QUARTERLY,False,1275,0.1721666666666663,0.00013503267973856181,67.51633986928034,0.44313725490196076,-0.013500000000000068,0.0,0.013833333333333298,2002-01-07,2026-06-29
PADD4,S6,QUARTERLY,True,1275,12.85216666666665,0.010080130718954234,5040.065359477117,0.2054901960784314,-0.005599999999999982,0.010166666666666657,0.0256666666666667,2002-01-07,2026-06-29
PADD5,S1,WEEKLY,False,1289,0.0,0.0,0.0,0.0,0.0,0.0,0.0,2002-01-07,2026-09-14
PADD5,S2,WEEKLY,True,1289,12.739999999999817,0.009883630721489385,4941.815360744764,0.0,0.0,0.0,0.020000000000000018,2002-01-07,2026-09-14
PADD5,S3,MONTHLY,False,1287,0.02300000000000396,1.787101787102095e-05,8.935508935510345,0.37606837606837606,-0.0030000000000000027,0.0,0.0029000000000000067,2002-01-07,2026-08-31
PADD5,S4,MONTHLY,True,1287,12.762999999999968,0.009916860916860892,4958.430458430464,0.17016317016317017,-0.0015000000000000013,0.004833333333333412,0.02133333333333337,2002-01-07,2026-08-31
PADD5,S5,QUARTERLY,False,1278,0.16316666666666857,0.0001276734480959848,63.83672404799426,0.44835680751173707,-0.00983333333333336,0.0,0.010000000000000009,2002-01-07,2026-06-29
PADD5,S6,QUARTERLY,True,1278,12.903166666666689,0.010096374543557659,5048.18727177882,0.2104851330203443,-0.004166666666666652,0.010166666666666657,0.024333333333333318,2002-01-07,2026-06-29
PADD5XCA,S1,WEEKLY,False,1289,0.0,0.0,0.0,0.0,0.0,0.0,0.0,2002-01-07,2026-09-14
PADD5XCA,S2,WEEKLY,True,1289,12.739999999999817,0.009883630721489385,4941.815360744764,0.0,0.0,0.0,0.020000000000000018,2002-01-07,2026-09-14
PADD5XCA,S3,MONTHLY,False,1287,0.021666666666667916,1.6835016835017806e-05,8.417508417508868,0.37606837606837606,-0.0028333333333333544,0.0,0.002833333333333299,2002-01-07,2026-08-31
PADD5XCA,S4,MONTHLY,True,1287,12.761666666666635,0.009915824915824892,4957.912457912465,0.17016317016317017,-0.0013333333333333363,0.004833333333333328,0.021166666666666722,2002-01-07,2026-08-31
PADD5XCA,S5,QUARTERLY,False,1278,0.14783333333332854,0.00011567553468961545,57.83776734480662,0.44835680751173707,-0.009383333333333327,0.0,0.009666666666666629,2002-01-07,2026-06-29
PADD5XCA,S6,QUARTERLY,True,1278,12.88783333333332,0.010084376630151269,5042.188315075641,0.20970266040688576,-0.0040000000000000036,0.010000000000000023,0.02416666666666667,2002-01-07,2026-06-29
US,S1,WEEKLY,False,1289,0.0,0.0,0.0,0.0,0.0,0.0,0.0,2002-01-07,2026-09-14
US,S2,WEEKLY,True,1289,12.739999999999817,0.009883630721489385,4941.815360744763,0.0,0.0,0.0,0.020000000000000018,2002-01-07,2026-09-14
US,S3,MONTHLY,False,1287,0.02533333333333171,1.9684019684018423e-05,9.842009842009123,0.3745143745143745,-0.0040000000000000036,0.0,0.0038333333333333552,2002-01-07,2026-08-31
US,S4,MONTHLY,True,1287,12.765333333333283,0.00991867391867388,4959.33695933695,0.1686091686091686,-0.0020000000000000018,0.006333333333333302,0.021833333333333274,2002-01-07,2026-08-31
US,S5,QUARTERLY,False,1278,0.1726666666666612,0.00013510693792383505,67.5534689619179,0.44209702660406885,-0.013333333333333343,0.0,0.013500000000000012,2002-01-07,2026-06-29
US,S6,QUARTERLY,True,1278,12.912666666666638,0.010103808033385476,5051.904016692746,0.20657276995305165,-0.005500000000000002,0.010333333333333306,0.025666666666666622,2002-01-07,2026-06-29
